<?xml version="1.0" encoding="utf-8"?>
<!-- x-release-please-start-version -->
<addon id="plugin.video.haru" name="haru" version="1.5.0" provider-name="pikdum">
  <!-- x-release-please-end -->
  <requires>
    <import addon="xbmc.python" version="3.00.0"/>
    <import addon="script.module.resolveurl" version="5.1.61"/>
    <import addon="script.module.requests" version="2.25.0"/>
    <import addon="script.module.beautifulsoup4" version="4.9.0"/>
  </requires>
  <extension point="xbmc.python.pluginsource" library="haru.py">
    <provides>video</provides>
  </extension>
  <extension point="xbmc.addon.metadata">
    <reuselanguageinvoker>true</reuselanguageinvoker>
    <summary lang="en">haru</summary>
    <description lang="en">a simple anime addon</description>
    <license>GPL-2.0-only</license>
    <source>https://github.com/pikdum/plugin.video.haru</source>
    <assets>
      <icon>icon.png</icon>
      <fanart>fanart.jpg</fanart>
    </assets>
    <news>1.5.0 (2022-05-09)

Features

-   allow toggling reuselanguageinvoker (0adecf0)

1.4.2 (2022-04-29)

Bug Fixes

-   file playback in torrent subfolder (b3d1926)

1.4.1 (2022-04-29)

Bug Fixes

-   remove news formatting; simplify logic (c3a6569)

1.4.0 (2022-04-29)

Features

-   add confirmation dialog for clear history (260912f)
-   add nyaa torrent history (6ea02a3)
-   add nyaa torrent search (d0e435f)
-   link to shows from history page (770cb57)

Bug Fixes

-   better page name (932b4ce)

1.3.1 (2022-04-01)

Bug Fixes

-   check if exists before deleting key (9085e3c)

1.3.0 (2022-03-31)

Features

-   cache art, show cached art in more views (545887b)

Bug Fixes

-   fix logging (d2184d1)

1.2.0 (2022-03-31)

Features

-   add subsplease watch history (dd6ab81)

1.1.3 (2022-03-31)

Bug Fixes

-   use system time zone instead of hardcoding it (49259d2)

1.1.2 (2022-03-24)

Bug Fixes

-   new fancy logo (4c645d3)

1.1.1 (2022-03-24)

Bug Fixes

-   change name to lowercase haru (7...</news>
  </extension>
</addon>
