<?xml version="1.0" encoding="utf-8"?>
<!-- x-release-please-start-version -->
<addon id="plugin.video.haru" name="haru" version="1.4.0" provider-name="pikdum">
  <!-- x-release-please-end -->
  <requires>
    <import addon="xbmc.python" version="3.00.0"/>
    <import addon="script.module.resolveurl" version="5.1.61"/>
    <import addon="script.module.requests" version="2.25.0"/>
    <import addon="script.module.beautifulsoup4" version="4.9.0"/>
  </requires>
  <extension point="xbmc.python.pluginsource" library="haru.py">
    <provides>video</provides>
  </extension>
  <extension point="xbmc.addon.metadata">
    <summary lang="en">haru</summary>
    <description lang="en">a simple anime addon</description>
    <license>GPL-2.0-only</license>
    <source>https://github.com/pikdum/plugin.video.haru</source>
    <assets>
      <icon>icon.png</icon>
      <fanart>fanart.jpg</fanart>
    </assets>
    <news>## [1.4.0](https://github.com/pikdum/plugin.video.haru/compare/v1.3.1...v1.4.0) (2022-04-29)


### Features

* add confirmation dialog for clear history ([260912f](https://github.com/pikdum/plugin.video.haru/commit/260912f0b1d0eeec0d7811f85a98f5cac7685203))
* add nyaa torrent history ([6ea02a3](https://github.com/pikdum/plugin.video.haru/commit/6ea02a3b7cef69b9d0e9891ac32212cff771c3df))
* add nyaa torrent search ([d0e435f](https://github.com/pikdum/plugin.video.haru/commit/d0e435f8d4cbbeba695a5f6599605c9310cc7271))
* link to shows from history page ([770cb57](https://github.com/pikdum/plugin.video.haru/commit/770cb5742a34a4a2edaf3207ca0b87e60fa9a660))


### Bug Fixes

* better page name ([932b4ce](https://github.com/pikdum/plugin.video.haru/commit/932b4ce2d4d778938fa710ab6d7b82896d32510b))</news>
  </extension>
</addon>
