<?xml version="1.0" encoding="utf-8"?>
<!-- x-release-please-start-version -->
<addon id="plugin.video.haru" name="haru" version="1.21.2" provider-name="pikdum">
  <!-- x-release-please-end -->
  <requires>
    <import addon="xbmc.python" version="3.00.0"/>
    <import addon="script.module.resolveurl" version="5.1.61"/>
    <import addon="script.module.requests" version="2.25.0"/>
    <import addon="script.module.beautifulsoup4" version="4.9.0"/>
  </requires>
  <extension point="xbmc.python.pluginsource" library="haru.py">
    <provides>video</provides>
  </extension>
  <extension point="xbmc.addon.metadata">
    <reuselanguageinvoker>true</reuselanguageinvoker>
    <summary lang="en">haru</summary>
    <description lang="en">a simple anime addon</description>
    <license>GPL-2.0-only</license>
    <source>https://github.com/pikdum/plugin.video.haru</source>
    <assets>
      <icon>icon.png</icon>
      <fanart>fanart.jpg</fanart>
    </assets>
    <news>1.21.2 (2024-07-26)

Bug Fixes

-   handle occasional string indices error (d83e660)

1.21.1 (2024-05-26)

Bug Fixes

-   add debug logging (3528c50)
-   log the engine too (3b447eb)

1.21.0 (2024-05-12)

Features

-   subsplease: add search (75dda36)

1.20.1 (2024-05-04)

Bug Fixes

-   addon news generation (3481557)
-   revert “feat: add requests cache” (1fd6022)

1.20.0 (2024-05-04)

Features

-   switch to new art endpoints (3977257)

1.19.0 (2024-05-03)

Features

-   add requests cache (29400ae)

1.18.0 (2024-04-28)

Features

-   subsplease: airing unfinished (d73d0f7)

Bug Fixes

-   don’t show disabled addon settings (b229ea9)
-   subsplease: color unfinished titles (1b18401)

1.17.1 (2024-04-24)

Bug Fixes

-   subsplease: revert image endpoints (e44cfe2)

1.17.0 (2024-04-24)

Features

-   new icons &amp; more (#49) (ef97264)

1.16.0 (2024-04-21)

Features

-   sukebei: add latest and popular (d631ad6)

1.15.0 (2024-04-20)

Features

-   nyaa: more consistent torrent art ...</news>
  </extension>
</addon>
