<?xml version="1.0" encoding="utf-8"?>
<!-- x-release-please-start-version -->
<addon id="plugin.video.haru" name="haru" version="1.17.1" provider-name="pikdum">
  <!-- x-release-please-end -->
  <requires>
    <import addon="xbmc.python" version="3.00.0"/>
    <import addon="script.module.resolveurl" version="5.1.61"/>
    <import addon="script.module.requests" version="2.25.0"/>
    <import addon="script.module.beautifulsoup4" version="4.9.0"/>
  </requires>
  <extension point="xbmc.python.pluginsource" library="haru.py">
    <provides>video</provides>
  </extension>
  <extension point="xbmc.addon.metadata">
    <reuselanguageinvoker>true</reuselanguageinvoker>
    <summary lang="en">haru</summary>
    <description lang="en">a simple anime addon</description>
    <license>GPL-2.0-only</license>
    <source>https://github.com/pikdum/plugin.video.haru</source>
    <assets>
      <icon>icon.png</icon>
      <fanart>fanart.jpg</fanart>
    </assets>
    <news>1.17.1 (2024-04-24)

Bug Fixes

-   subsplease: revert image endpoints (e44cfe2)

1.17.0 (2024-04-24)

Features

-   new icons &amp; more (#49) (ef97264)

1.16.0 (2024-04-21)

Features

-   sukebei: add latest and popular (d631ad6)

1.15.0 (2024-04-20)

Features

-   nyaa: more consistent torrent art (71e2738)
-   sukebei: use thumbnails from description (5cab33b)

Bug Fixes

-   subsplease: unfinished error if no episodes (af1298b)
-   subsplease: unfinished progress bar (6d87f6d)

1.14.0 (2024-04-02)

Features

-   add option to clear thumbnail cache (a8b57e0)

1.13.0 (2024-03-27)

Features

-   add elementum support (#44) (dda79a1)

1.12.0 (2024-01-24)

Features

-   subsplease: look up unfinished shows (f6edd6f)

1.11.0 (2023-10-05)

Features

-   nyaa: add latest + popular links (ce086d1)
-   nyaa: add search sorting options (cc104b3)
-   nyaa: allow search results in skin widgets (d2132a8)

1.10.0 (2023-09-16)

Features

-   better poster + fanart (#37) (6177371)

1.9.0 (2023-09-13)
...</news>
  </extension>
</addon>
